<?xml version="1.0" encoding="UTF-8"?>
<!DOCTYPE plist PUBLIC "-//Apple//DTD PLIST 1.0//EN" "http://www.apple.com/DTDs/PropertyList-1.0.dtd">
<plist version="1.0">
<dict>
	<key>files</key>
	<dict>
		<key>Resources/Assets.car</key>
		<data>
		jgvp0Ll1GyA6edOrVvEvLwiHKog=
		</data>
		<key>Resources/Base.lproj/Main.storyboardc/Info.plist</key>
		<data>
		M1rS+Tcas1ZdM4/iibTlduTJ22M=
		</data>
		<key>Resources/Base.lproj/Main.storyboardc/MainMenu.nib</key>
		<data>
		k2z4owNjuUmqlic1JXdLwNf0MEk=
		</data>
		<key>Resources/ScreenTracker.momd/ScreenTracker.mom</key>
		<data>
		QZOPB0iaVKyu4kvmkyWA5lmVXBw=
		</data>
		<key>Resources/ScreenTracker.momd/ScreenTracker.omo</key>
		<data>
		acxzJXINprFYwcy2DBxx01kTGZc=
		</data>
		<key>Resources/ScreenTracker.momd/VersionInfo.plist</key>
		<data>
		Kxq2Vm/hvBheOv8pc8A1zKs5Jkc=
		</data>
		<key>Resources/applescript.csv</key>
		<data>
		RTgHsLfHyV7QpVkZCzTe3XTmS9w=
		</data>
		<key>Resources/notificationIcon.png</key>
		<data>
		x/99UrpiiGbkUza6LHzbZKAzf+Y=
		</data>
	</dict>
	<key>files2</key>
	<dict>
		<key>Resources/Assets.car</key>
		<dict>
			<key>hash2</key>
			<data>
			JPjD5MNXPWCT9JNLKUOq88JGjI/aTGBwrMNa64rVgBI=
			</data>
		</dict>
		<key>Resources/Base.lproj/Main.storyboardc/Info.plist</key>
		<dict>
			<key>hash2</key>
			<data>
			6/2HagpKuzGhxFgQU55Lc/bxgR30qm5eqHSV+p9e4/4=
			</data>
		</dict>
		<key>Resources/Base.lproj/Main.storyboardc/MainMenu.nib</key>
		<dict>
			<key>hash2</key>
			<data>
			fVjfAM19PMyGfDXzZfrAH4TjrCxcFhzGMm7VSnZTElg=
			</data>
		</dict>
		<key>Resources/ScreenTracker.momd/ScreenTracker.mom</key>
		<dict>
			<key>hash2</key>
			<data>
			H+jcmmJ0Ly5ckvEeWiPcrbY7o8DxQuYA31rw5SPBCRs=
			</data>
		</dict>
		<key>Resources/ScreenTracker.momd/ScreenTracker.omo</key>
		<dict>
			<key>hash2</key>
			<data>
			F3Dl+udfH8Ihjo0aD1CMms8lVQTUgKuhWDDTIR2HFb4=
			</data>
		</dict>
		<key>Resources/ScreenTracker.momd/VersionInfo.plist</key>
		<dict>
			<key>hash2</key>
			<data>
			q4/5rGu1dUubtezZmXPuvVhp06Litj2R4nD07/CbmXs=
			</data>
		</dict>
		<key>Resources/applescript.csv</key>
		<dict>
			<key>hash2</key>
			<data>
			J1qhhqPVSsP2qQfbUQk5t3PDjQROMXn+Rs8A1H+9iXg=
			</data>
		</dict>
		<key>Resources/notificationIcon.png</key>
		<dict>
			<key>hash2</key>
			<data>
			tVn30ASkX12wqPzVACFJAq8etXBsu6dRNrnpgw8fKCI=
			</data>
		</dict>
	</dict>
	<key>rules</key>
	<dict>
		<key>^Resources/</key>
		<true/>
		<key>^Resources/.*\.lproj/</key>
		<dict>
			<key>optional</key>
			<true/>
			<key>weight</key>
			<real>1000</real>
		</dict>
		<key>^Resources/.*\.lproj/locversion.plist$</key>
		<dict>
			<key>omit</key>
			<true/>
			<key>weight</key>
			<real>1100</real>
		</dict>
		<key>^Resources/Base\.lproj/</key>
		<dict>
			<key>weight</key>
			<real>1010</real>
		</dict>
		<key>^version.plist$</key>
		<true/>
	</dict>
	<key>rules2</key>
	<dict>
		<key>.*\.dSYM($|/)</key>
		<dict>
			<key>weight</key>
			<real>11</real>
		</dict>
		<key>^(.*/)?\.DS_Store$</key>
		<dict>
			<key>omit</key>
			<true/>
			<key>weight</key>
			<real>2000</real>
		</dict>
		<key>^(Frameworks|SharedFrameworks|PlugIns|Plug-ins|XPCServices|Helpers|MacOS|Library/(Automator|Spotlight|LoginItems))/</key>
		<dict>
			<key>nested</key>
			<true/>
			<key>weight</key>
			<real>10</real>
		</dict>
		<key>^.*</key>
		<true/>
		<key>^Info\.plist$</key>
		<dict>
			<key>omit</key>
			<true/>
			<key>weight</key>
			<real>20</real>
		</dict>
		<key>^PkgInfo$</key>
		<dict>
			<key>omit</key>
			<true/>
			<key>weight</key>
			<real>20</real>
		</dict>
		<key>^Resources/</key>
		<dict>
			<key>weight</key>
			<real>20</real>
		</dict>
		<key>^Resources/.*\.lproj/</key>
		<dict>
			<key>optional</key>
			<true/>
			<key>weight</key>
			<real>1000</real>
		</dict>
		<key>^Resources/.*\.lproj/locversion.plist$</key>
		<dict>
			<key>omit</key>
			<true/>
			<key>weight</key>
			<real>1100</real>
		</dict>
		<key>^Resources/Base\.lproj/</key>
		<dict>
			<key>weight</key>
			<real>1010</real>
		</dict>
		<key>^[^/]+$</key>
		<dict>
			<key>nested</key>
			<true/>
			<key>weight</key>
			<real>10</real>
		</dict>
		<key>^embedded\.provisionprofile$</key>
		<dict>
			<key>weight</key>
			<real>20</real>
		</dict>
		<key>^version\.plist$</key>
		<dict>
			<key>weight</key>
			<real>20</real>
		</dict>
	</dict>
</dict>
</plist>
